Time,Light sensor values
16:14:34.868849,0.403
16:14:34.918179,0.311
16:14:34.968205,0.214
16:14:35.018035,0.116
16:14:35.066715,0.017
16:14:35.118216,-0.084
16:14:35.168338,-0.183
16:14:35.219082,-0.281
16:14:35.267397,-0.374
