Time,Light sensor values
16:14:36.267009,-0.687
16:14:36.317172,-0.611
16:14:36.366841,-0.530
16:14:36.418262,-0.442
16:14:36.467996,-0.351
16:14:36.518933,-0.254
16:14:36.568505,-0.157
16:14:36.617816,-0.059
16:14:36.667730,0.042
16:14:36.717818,0.141
