Time,Light sensor values
16:14:35.618553,-0.884
16:14:35.668284,-0.926
16:14:35.718778,-0.959
16:14:35.768371,-0.983
